{
  "mean": [
    -0.07207549880062086,
    -0.5638786919712149,
    -0.3139333554395372,
    0.0016852603358261619,
    0.03758300691406801,
    0.022639764357273877
  ],
  "scale": [
    1.007117307487567,
    0.6567283504097198,
    0.4864179914736418,
    1.2526539012993838,
    1.1983629803415576,
    1.9156742336815056
  ],
  "feature_names": [
    "acceleration_x",
    "acceleration_y",
    "acceleration_z",
    "gyro_x",
    "gyro_y",
    "gyro_z"
  ],
  "n_features": 6
}